query T
select h3_to_geo(644325524701193974)
----
(37.79506616830255,55.712902431456676)

query T
select h3_to_geo_boundary(644325524701193974)
----
[(37.79505811173477,55.712900225355526),(37.79506506997187,55.71289713485416),(37.795073126539855,55.71289934095484),(37.795074224871684,55.71290463755745),(37.79506726663349,55.71290772805916),(37.79505921006456,55.712905521957914)]

query T
select h3_k_ring(644325524701193974, 1)
----
[644325524701193897,644325524701193899,644325524701193869,644325524701193970,644325524701193968,644325524701193972]

query B
select h3_is_valid(1)
----
0

query B
select h3_is_valid(644325524701193974)
----
1

query I
select h3_get_resolution(644325524701193974)
----
15

query F
select h3_edge_length_m(1)
----
418676.0055

query F
select h3_edge_length_km(1)
----
418.6760055

statement ok
DROP TABLE IF EXISTS t1

statement ok
CREATE TABLE t1 (h3 UInt64) ENGINE=Memory

statement ok
INSERT INTO t1 VALUES(644325524701193974), (644325529094369568), (644325528627451570), (644325528491955313)

query T
select h3_to_geo(h3) from t1
----
(37.79506616830255,55.712902431456676)
(37.63098017008532,55.779230658289514)
(37.66017938676685,55.763238602361135)
(37.59813515180213,55.720758442874214)

query T
select h3_to_geo_boundary(h3) from t1
----
[(37.79505811173477,55.712900225355526),(37.79506506997187,55.71289713485416),(37.795073126539855,55.71289934095484),(37.795074224871684,55.71290463755745),(37.79506726663349,55.71290772805916),(37.79505921006456,55.712905521957914)]
[(37.630972120266655,55.779228441150096),(37.63097909256621,55.77922536447857),(37.63098714238509,55.77922758161752),(37.63098821990533,55.779232875428555),(37.63098124760466,55.77923595210045),(37.63097319778487,55.77923373496093)]
[(37.660171336561085,55.763236387297994),(37.66017830565088,55.76323330800854),(37.66018635585686,55.76323552307121),(37.660187436973956,55.76324081742389),(37.66018046788304,55.76324389671372),(37.66017241767613,55.76324168165047)]
[(37.59812711735825,55.72075622548794),(37.59813408032356,55.72075314892148),(37.59814211476767,55.7207553663073),(37.59814318624737,55.72076066026013),(37.59813622328093,55.72076373682693),(37.59812818883591,55.720761519440565)]

query T
select h3_k_ring(h3, 1) from t1
----
[644325524701193897,644325524701193899,644325524701193869,644325524701193970,644325524701193968,644325524701193972]
[644325529094369572,644325529094369574,644325529094369570,644325529094369571,644325529094369569,644325529094369573]
[644325528627451574,644325528627460941,644325528627460937,644325528627451540,644325528627451571,644325528627451568]
[644325528491955317,644325528491955312,644325528491955315,644325528491955270,644325528491955268,644325528491955298]

query B
select h3_is_valid(h3) from t1
----
1
1
1
1

query I
select h3_get_resolution(h3) from t1
----
15
15
15
15

statement ok
DROP TABLE IF EXISTS t2

statement ok
CREATE TABLE t2 (res UInt8) ENGINE=Memory

statement ok
INSERT INTO t2 VALUES(1), (2), (3), (4)

query F
select h3_edge_length_m(res) from t2
----
418676.0055
158244.6558
59810.85794
22606.3794

query F
select h3_edge_length_km(res) from t2
----
418.6760055
158.2446558
59.81085794
22.6063794

query I
select h3_get_base_cell(644325524701193974)
----
8

query F
select h3_hex_area_m2(1)
----
6.097884417941339e11

query F
select h3_hex_area_km2(1)
----
609788.4417941332

query B
select h3_indexes_are_neighbors(644325524701193974, 644325524701193897)
----
1

query T
select h3_to_children(644325524701193897, 15)
----
[644325524701193897]

query I
select h3_to_parent(635318325446452991, 12)
----
630814725819082751

query I
select h3_get_base_cell(h3) from t1
----
8
8
8
8

query F
select h3_hex_area_m2(res) from t2
----
6.097884417941339e11
8.680178039899731e10
1.239343465508818e10
1770347654.491309

query F
select h3_hex_area_km2(res) from t2
----
609788.4417941332
86801.7803989972
12393.43465508816
1770.347654491307

statement ok
DROP TABLE IF EXISTS t3

statement ok
CREATE TABLE t3 (h3 UInt64, a_h3 UInt64, res UInt8) ENGINE=Memory

statement ok
INSERT INTO  t3 VALUES(644325524701193974, 644325524701193897, 10), (644325524701193974, 635318325446452991, 14), (644325524701193974, 635318325446452991, 15)

query B
select h3_indexes_are_neighbors(h3, a_h3) from t3
----
1
0
0

query T
select h3_to_children(a_h3, res) from t3
----
[]
[639821925073823431,639821925073823439,639821925073823447,639821925073823455,639821925073823463,639821925073823471,639821925073823479]
[644325524701193920,644325524701193921,644325524701193922,644325524701193923,644325524701193924,644325524701193925,644325524701193926,644325524701193928,644325524701193929,644325524701193930,644325524701193931,644325524701193932,644325524701193933,644325524701193934,644325524701193936,644325524701193937,644325524701193938,644325524701193939,644325524701193940,644325524701193941,644325524701193942,644325524701193944,644325524701193945,644325524701193946,644325524701193947,644325524701193948,644325524701193949,644325524701193950,644325524701193952,644325524701193953,644325524701193954,644325524701193955,644325524701193956,644325524701193957,644325524701193958,644325524701193960,644325524701193961,644325524701193962,644325524701193963,644325524701193964,644325524701193965,644325524701193966,644325524701193968,644325524701193969,644325524701193970,644325524701193971,644325524701193972,644325524701193973,644325524701193974]

query I
select h3_to_parent(a_h3, res) from t3
----
621807526564364287
0
0

query T
select h3_to_string(635318325446452991)
----
8d11aa6a38826ff

query I
select string_to_h3('8d11aa6a38826ff')
----
635318325446452991

query B
select h3_is_res_class_iii(635318325446452991)
----
1

query B
select h3_is_pentagon(599119489002373119)
----
1

query T
select h3_get_faces(599119489002373119)
----
[0,1,2,3,4]

query F
select h3_cell_area_m2(599119489002373119)
----
127785582.60810876

query F
select h3_cell_area_rads2(599119489002373119)
----
3.1482243104279148e-6

statement ok
DROP TABLE IF EXISTS t4

statement ok
CREATE TABLE t4 (h3 UInt64, h3_str String) ENGINE=Memory

statement ok
INSERT INTO  t4 VALUES(599119489002373119, '85080003fffffff'), (599686042433355775, '85283473fffffff')

query T
select h3_to_string(h3) from t4
----
85080003fffffff
85283473fffffff

query I
select string_to_h3(h3_str) from t4
----
599119489002373119
599686042433355775

query B
select h3_is_res_class_iii(h3) from t4
----
1
1

query B
select h3_is_pentagon(h3) from t4
----
1
0

query T
select h3_get_faces(h3) from t4
----
[0,1,2,3,4]
[7]

query F
select h3_cell_area_m2(h3) from t4
----
127785582.60810876
265092558.12825438

query F
select h3_cell_area_rads2(h3) from t4
----
3.1482243104279148e-6
6.5310250106410435e-6

statement ok
DROP TABLE t1

statement ok
DROP TABLE t2

statement ok
DROP TABLE t3

statement ok
DROP TABLE t4
