# two materialized ctes and select one column
query I
with t1 as materialized (select number as a from numbers(10)), t2 as materialized (select number as b from numbers(20)) select t1.a from t1 join t2 on t1.a = t2.b;
----
0
1
2
3
4
5
6
7
8
9

# two materialized ctes and select all columns
query I
with t1 as materialized (select number as a from numbers(10)), t2 as materialized (select number as b from numbers(20)) select * from t1 join t2 on t1.a = t2.b;
----
0 0
1 1
2 2
3 3
4 4
5 5
6 6
7 7
8 8
9 9

# only one materialized
query I
with t1 as materialized (select number as a from numbers(10)) select t1.a from t1;
----
0
1
2
3
4
5
6
7
8
9

# one materialized and one not
query I
with t1 as materialized (select number as a from numbers(10)), t2 as (select number as b from numbers(20)) select t1.a from t1 join t2 on t1.a = t2.b;
----
0
1
2
3
4
5
6
7
8
9

# one cte uses a materialized cte
query I
with t1 as materialized (select number as a from numbers(10)), t2 as (select a as b from t1) select t1.a from t1 join t2 on t1.a = t2.b;
----
0
1
2
3
4
5
6
7
8
9

query I
with t1 as materialized (select number as a from numbers(10)) select t2.a from t1 as t2 where t2.a in (select * from t1 as t3 where t2.a = t3.a);
----
0
1
2
3
4
5
6
7
8
9


# union with materialized cte
query I
with t1 as materialized (select number as a from numbers(10)), t2 as materialized (select number as b from numbers(20)) select * from t1 union select * from t2 order by a;
----
0
1
2
3
4
5
6
7
8
9
10
11
12
13
14
15
16
17
18
19

# intersect with materialized cte
query I
with t1 as materialized (select number as a from numbers(10)), t2 as materialized (select number as b from numbers(20)) select * from t1 intersect select * from t2 order by a;
----
0
1
2
3
4
5
6
7
8
9

# except with materialized cte
query I
with t1 as materialized (select number as a from numbers(10)), t2 as materialized (select number as b from numbers(20)) select * from t1 except select * from t2 order by a;
----
