statement ok
USE default

statement ok
DROP TABLE IF EXISTS `05_0003_at_t0`

statement ok
DROP TABLE IF EXISTS `05_0003_at_t1`

statement ok
DROP TABLE IF EXISTS `05_0003_at_t2`

statement ok
DROP TABLE IF EXISTS `05_0003_at_t3`

statement ok
CREATE TABLE `05_0003_at_t0`(a int)

statement ok
INSERT INTO TABLE `05_0003_at_t0` values(1)

query I
SELECT * FROM `05_0003_at_t0`
----
1

statement ok
ALTER TABLE `05_0003_at_t0` RENAME TO `05_0003_at_t1`

statement error 1025
ALTER TABLE `05_0003_at_t0` RENAME TO `05_0003_at_t1`

statement ok
ALTER TABLE IF EXISTS `05_0003_at_t0` RENAME TO `05_0003_at_t1`

statement error 1025
DROP TABLE `05_0003_at_t0`

query I
SELECT * FROM `05_0003_at_t1`
----
1

statement error 1005
ALTER TABLE `05_0003_at_t1` RENAME TO system.`05_0003_at_t1`

statement error 1025
ALTER TABLE system.abc drop column c1

statement ok
DROP TABLE IF EXISTS `05_0003_at_t1`

statement ok
CREATE TABLE `05_0003_at_t2`(a int, c int)

statement ok
INSERT INTO TABLE `05_0003_at_t2` values(1,2)

statement error 1065
ALTER TABLE `05_0003_at_t2` rename column a to a

statement error 1110
ALTER TABLE `05_0003_at_t2` rename column a to _row_id

statement error 1065
ALTER TABLE `05_0003_at_t2` rename column a to c

statement error 1065
ALTER TABLE `05_0003_at_t2` rename column d to e

statement ok
ALTER TABLE `05_0003_at_t2` rename column a to b

query I
SELECT b FROM `05_0003_at_t2`
----
1

statement ok
DROP TABLE IF EXISTS `05_0003_at_t2`

statement ok
set hide_options_in_show_create_table=0

statement ok
CREATE TABLE `05_0003_at_t3`(a int, b int, c int) bloom_index_columns='a,b,c' COMPRESSION='zstd' STORAGE_FORMAT='native'

query TT
SHOW CREATE TABLE `05_0003_at_t3`
----
05_0003_at_t3 CREATE TABLE `05_0003_at_t3` (   `a` INT,   `b` INT,   `c` INT ) ENGINE=FUSE BLOOM_INDEX_COLUMNS='a,b,c' COMPRESSION='zstd' STORAGE_FORMAT='native'

statement ok
ALTER TABLE `05_0003_at_t3` drop column c

query TT
SHOW CREATE TABLE `05_0003_at_t3`
----
05_0003_at_t3 CREATE TABLE `05_0003_at_t3` (   `a` INT,   `b` INT ) ENGINE=FUSE BLOOM_INDEX_COLUMNS='a,b' COMPRESSION='zstd' STORAGE_FORMAT='native'

statement ok
ALTER TABLE `05_0003_at_t3` rename column b to c

query TT
SHOW CREATE TABLE `05_0003_at_t3`
----
05_0003_at_t3 CREATE TABLE `05_0003_at_t3` (   `a` INT,   `c` INT ) ENGINE=FUSE BLOOM_INDEX_COLUMNS='a,c' COMPRESSION='zstd' STORAGE_FORMAT='native'

statement error 1301
ALTER TABLE `05_0003_at_t3` MODIFY COLUMN c decimal(5,2)

statement ok
ALTER TABLE `05_0003_at_t3` MODIFY COLUMN c float

statement ok
DROP TABLE IF EXISTS `05_0003_at_t3`
